{
  "Link Color" : {
    "Red Component" : 0.45098039507865906,
    "Color Space" : "sRGB",
    "Blue Component" : 0.7921568751335144,
    "Alpha Component" : 1,
    "Green Component" : 0.85490196943283081
  },
  "Tags" : [

  ],
  "Ansi 12 Color" : {
    "Red Component" : 0.47843137383460999,
    "Color Space" : "sRGB",
    "Blue Component" : 0.9686274528503418,
    "Alpha Component" : 1,
    "Green Component" : 0.63529413938522339
  },
  "Ansi 7 Color" : {
    "Red Component" : 0.66274511814117432,
    "Color Space" : "sRGB",
    "Blue Component" : 0.83921569585800171,
    "Alpha Component" : 1,
    "Green Component" : 0.69411766529083252
  },
  "Ansi 8 Color" : {
    "Red Component" : 0.25490197539329529,
    "Color Space" : "sRGB",
    "Blue Component" : 0.40784314274787903,
    "Alpha Component" : 1,
    "Green Component" : 0.28235295414924622
  },
  "Bold Color" : {
    "Red Component" : 0.93333333730697632,
    "Color Space" : "sRGB",
    "Blue Component" : 0.93333333730697632,
    "Alpha Component" : 1,
    "Green Component" : 0.93333333730697632
  },
  "Ansi 9 Color" : {
    "Red Component" : 0.9686274528503418,
    "Color Space" : "sRGB",
    "Blue Component" : 0.55686277151107788,
    "Alpha Component" : 1,
    "Green Component" : 0.46274510025978088
  },
  "Ansi 0 Color" : {
    "Red Component" : 0.11372549086809158,
    "Color Space" : "sRGB",
    "Blue Component" : 0.18431372940540314,
    "Alpha Component" : 1,
    "Green Component" : 0.12549020349979401
  },
  "Horizontal Spacing" : 1,
  "Rows" : 25,
  "Default Bookmark" : "No",
  "Blend" : 0.050000000000000003,
  "Cursor Guide Color" : {
    "Red Component" : 0.70213186740875244,
    "Color Space" : "sRGB",
    "Blue Component" : 1,
    "Alpha Component" : 0.25,
    "Green Component" : 0.9268307089805603
  },
  "Non-ASCII Anti Aliased" : true,
  "Use Bright Bold" : true,
  "Ansi 10 Color" : {
    "Red Component" : 0.61960786581039429,
    "Color Space" : "sRGB",
    "Blue Component" : 0.41568627953529358,
    "Alpha Component" : 1,
    "Green Component" : 0.80784314870834351
  },
  "Ambiguous Double Width" : false,
  "Jobs to Ignore" : [
    "rlogin",
    "ssh",
    "slogin",
    "telnet"
  ],
  "Faint Text Alpha" : 0.60005159198113212,
  "Ansi 15 Color" : {
    "Red Component" : 0.75294119119644165,
    "Color Space" : "sRGB",
    "Blue Component" : 0.96078431606292725,
    "Alpha Component" : 1,
    "Green Component" : 0.7921568751335144
  },
  "Foreground Color" : {
    "Red Component" : 0.75294119119644165,
    "Color Space" : "sRGB",
    "Blue Component" : 0.96078431606292725,
    "Alpha Component" : 1,
    "Green Component" : 0.7921568751335144
  },
  "Working Directory" : "\/Users\/akitoshiga",
  "Blinking Cursor" : false,
  "Disable Window Resizing" : true,
  "Sync Title" : false,
  "Prompt Before Closing 2" : false,
  "BM Growl" : true,
  "Command" : "",
  "Description" : "Default",
  "Mouse Reporting" : true,
  "Screen" : -1,
  "Selection Color" : {
    "Red Component" : 0.21176470816135406,
    "Color Space" : "sRGB",
    "Blue Component" : 0.50980395078659058,
    "Alpha Component" : 1,
    "Green Component" : 0.29019609093666077
  },
  "Initial Use Transparency" : true,
  "Only The Default BG Color Uses Transparency" : true,
  "Columns" : 80,
  "Idle Code" : 0,
  "Background Image Mode" : 0,
  "Ansi 13 Color" : {
    "Red Component" : 0.73333334922790527,
    "Color Space" : "sRGB",
    "Blue Component" : 0.9686274528503418,
    "Alpha Component" : 1,
    "Green Component" : 0.60392159223556519
  },
  "Custom Command" : "No",
  "ASCII Anti Aliased" : true,
  "Non Ascii Font" : "Monaco 12",
  "Vertical Spacing" : 1,
  "Use Bold Font" : true,
  "Option Key Sends" : 0,
  "Selected Text Color" : {
    "Red Component" : 0.75294119119644165,
    "Color Space" : "sRGB",
    "Blue Component" : 0.96078431606292725,
    "Alpha Component" : 1,
    "Green Component" : 0.7921568751335144
  },
  "Background Color" : {
    "Red Component" : 0.095162922793207372,
    "Color Space" : "sRGB",
    "Blue Component" : 0.133270263671875,
    "Alpha Component" : 1,
    "Green Component" : 0.045758781023323536
  },
  "Character Encoding" : 4,
  "Ansi 11 Color" : {
    "Red Component" : 0.87843137979507446,
    "Color Space" : "sRGB",
    "Blue Component" : 0.40784314274787903,
    "Alpha Component" : 1,
    "Green Component" : 0.68627452850341797
  },
  "Use Italic Font" : true,
  "Unlimited Scrollback" : false,
  "Keyboard Map" : {

  },
  "Window Type" : 0,
  "Cursor Boost" : 0,
  "Blink Allowed" : false,
  "Background Image Location" : "",
  "Blur" : false,
  "Badge Color" : {
    "Red Component" : 1,
    "Color Space" : "sRGB",
    "Blue Component" : 0,
    "Alpha Component" : 0.5,
    "Green Component" : 0.1491314172744751
  },
  "Scrollback Lines" : 1000,
  "Send Code When Idle" : false,
  "Close Sessions On End" : true,
  "Terminal Type" : "xterm-256color",
  "Visual Bell" : true,
  "Flashing Bell" : false,
  "Silence Bell" : false,
  "Ansi 14 Color" : {
    "Red Component" : 0.49019607901573181,
    "Color Space" : "sRGB",
    "Blue Component" : 1,
    "Alpha Component" : 1,
    "Green Component" : 0.81176471710205078
  },
  "ASCII Ligatures" : true,
  "Name" : "Default",
  "Cursor Text Color" : {
    "Red Component" : 0.11372549086809158,
    "Color Space" : "sRGB",
    "Blue Component" : 0.18431372940540314,
    "Alpha Component" : 1,
    "Green Component" : 0.12549020349979401
  },
  "Minimum Contrast" : 0,
  "Shortcut" : "",
  "Cursor Color" : {
    "Red Component" : 0.75294119119644165,
    "Color Space" : "sRGB",
    "Blue Component" : 0.96078431606292725,
    "Alpha Component" : 1,
    "Green Component" : 0.7921568751335144
  },
  "Transparency" : 0.59788896276595738,
  "Ansi 1 Color" : {
    "Red Component" : 0.9686274528503418,
    "Color Space" : "sRGB",
    "Blue Component" : 0.55686277151107788,
    "Alpha Component" : 1,
    "Green Component" : 0.46274510025978088
  },
  "Ansi 2 Color" : {
    "Red Component" : 0.61960786581039429,
    "Color Space" : "sRGB",
    "Blue Component" : 0.41568627953529358,
    "Alpha Component" : 1,
    "Green Component" : 0.80784314870834351
  },
  "Ansi 3 Color" : {
    "Red Component" : 0.87843137979507446,
    "Color Space" : "sRGB",
    "Blue Component" : 0.40784314274787903,
    "Alpha Component" : 1,
    "Green Component" : 0.68627452850341797
  },
  "Custom Directory" : "No",
  "Right Option Key Sends" : 0,
  "Use Non-ASCII Font" : false,
  "Ansi 6 Color" : {
    "Red Component" : 0.49019607901573181,
    "Color Space" : "sRGB",
    "Blue Component" : 1,
    "Alpha Component" : 1,
    "Green Component" : 0.81176471710205078
  },
  "Normal Font" : "CaskaydiaCoveNF-Regular 18.5",
  "Guid" : "DAE1EEDF-9F83-495E-8797-641FBE0A33CB",
  "Ansi 4 Color" : {
    "Red Component" : 0.47843137383460999,
    "Color Space" : "sRGB",
    "Blue Component" : 0.9686274528503418,
    "Alpha Component" : 1,
    "Green Component" : 0.63529413938522339
  },
  "Ansi 5 Color" : {
    "Red Component" : 0.73333334922790527,
    "Color Space" : "sRGB",
    "Blue Component" : 0.9686274528503418,
    "Alpha Component" : 1,
    "Green Component" : 0.60392159223556519
  }
}